x,y,label
-10.204120135593271,-1.414548442908312,1
-6.1574728500984355,0.4642222405350462,2
-4.381843743268114,1.1364558677675738,2
-2.5526274336856827,-5.722842641778105,3
-2.4765107344344166,1.7369109622746093,2
-9.904825517774167,-1.6725412647799984,1
-7.105741304785503,0.024959202847371853,2
-9.653262909171358,-1.178157109960905,1
-11.168728019165515,-2.6797792401824383,1
-11.248760624820747,-2.7949308317899795,1
8.650175757652326,-7.203945465703145,0
7.368081694582587,-8.956273832632428,0
7.483185474894678,-9.900464704828947,0
-4.431658429672178,-1.0813698177697542,2
-3.4926297069468943,-4.795313642346123,3
-8.386153410934511,-3.884819796169743,1
-8.52105472650555,-0.6360575891275735,1
-6.4796426126586955,-3.529937016301176,1
-4.209324134183677,-0.09842240387454648,2
-2.8655435453360725,-6.391993672700347,3
-3.4476040031614303,-1.232551069775664,2
-2.737108925927706,0.25916826688124184,2
8.592054885249471,-6.635742097249079,0
-6.812909504743734,-6.381036626660311,3
-9.837278570238446,-1.7325537179953003,1
-8.38266262335257,-2.7947362244978593,1
-3.935418523592417,3.2251152786551214,2
-4.178555044945503,-1.6426162473607842,3
-3.843722576341477,-0.4604241408820742,2
-3.0801483269226155,-1.976237830042699,3
7.100773143595771,-5.826167128324835,0
-9.142753984240848,-1.6905509187349845,1
-10.557480420798983,-3.292195125660584,1
-3.6432224041142858,-5.8558263855013735,3
-5.03423946474035,0.9638682691175049,2
-6.7976583248954014,1.0090011891413413,2
7.072903863548494,-6.054348637035414,0
-4.589653615546921,-7.961348299638634,3
3.7835829102883465,-7.559992456319524,0
-9.009980515994474,-1.6214624880454542,1
-3.8787789538780664,-2.3402477307710914,3
4.903761548565496,-10.92821913908509,0
8.070267545079538,-6.791290896110584,0
7.010892876164646,-8.550739374025596,0
-12.016663072195454,-1.1608395966631564,1
6.82155947986972,-4.977547472799286,0
-9.939695519170481,-1.4077542445565747,1
-9.029316934657942,-3.318883763071998,1
-4.518055749029584,-4.80253089762187,3
7.100813952854811,-7.175362344873798,0
-3.461380487486876,3.0440155562787714,2
-10.298983416645015,-5.480595274385617,1
-3.2427012465460083,-6.494397220241773,3
6.7796568437412885,-6.072617987860063,0
-4.262117537931204,-2.654025944646979,3
-3.853747310392095,0.5327051005322723,2
-2.5455949741461996,-2.790090645558023,2
-2.050153429937798,-4.4847450863067735,3
-3.920618071309523,-2.879801836885779,3
-7.177202207309359,-3.7365808185212472,1
-2.6307970881223577,-2.6181610609077586,3
-8.183647849205471,-2.5738963471605123,1
-6.974149426692404,-2.6165064572345496,1
8.220529138936179,-6.728723141756994,0
-7.857516136471849,-2.739867923891133,1
-4.540622896055754,-2.9464056432155266,3
-5.1201822411182265,-3.06931850571595,3
-9.264437646128929,-5.791809460014208,1
-4.132294005566966,0.443542968122815,2
-3.9989992408869566,-4.1911072699621865,3
5.56507226868881,-4.563156413326471,0
6.562220805454585,-7.95716108168077,0
-3.8193459058075443,1.725824250085688,2
-5.5585920167427005,-1.3744923712096417,2
-8.43787442148916,-2.052612094261749,1
-9.187998367327259,-3.1494520137748956,1
-3.1386778763805747,-2.5176213896289954,3
-2.7343498655553233,-0.840950233007739,2
-10.154331080008763,-3.6090562653168052,1
-4.983163583403281,-7.379453676765454,3
-3.9439213336152514,-3.5306709521467594,3
7.629462746396394,-3.9080440249287802,0
6.627661158400065,-5.165586124582433,0
5.5486846035222825,-6.090971634316106,0
-8.448398267162455,-3.6911542908437,1
-3.545094142921789,-1.2809848453676955,3
-7.59684853663807,-2.342259039311763,1
6.764536748597103,-4.341802648417151,0
-9.332383972768143,-4.6548095089590555,1
-8.967631555772952,-1.5990433550855503,1
-5.457453584561168,1.40141239588739,2
-6.637627298218103,-3.693389784374887,3
8.998633039457642,-7.480806060332176,0
5.9740306922068624,-7.439564814030964,0
7.6337091680807605,-7.647836643788084,0
-3.9464472601789136,1.9742605760552228,2
-8.855057367040548,-2.9873240260669682,1
8.127344066933782,-7.587710859162408,0
4.083079051125383,-7.101447537053839,0
-7.26215661064199,-3.171252641174085,1
-6.881065572951797,-1.6985363782988403,1
-8.52805243955442,-2.392632208098648,1
-9.580401655139392,-1.575639848319326,1
-8.030986900502446,-3.871472675621786,1
6.758370628504506,-6.504258501211134,0
8.417131951267598,-7.183550487727874,0
-4.895903790679308,-3.351023451065061,3
-6.199909367009411,2.59050503662485,2
-4.7793170871671204,-3.1008016788877724,3
-5.018296989949028,1.320521192274845,2
-6.477799378793637,-4.4542732960421425,3
-5.699451230545443,-1.3073707146196791,2
-3.5192570701064994,-1.4062926585759974,2
-3.2167422756601556,3.529011092309532,2
-3.859197698656631,0.864623935579967,2
-8.55545640062508,-3.9930623586350587,1
-3.637631646114655,-2.572202261301006,3
5.59257222092305,-8.277133562379802,0
-4.402483784690623,-5.253179526972159,3
-2.803242465504237,-4.490345411468984,3
-5.375152556941184,-0.45020395525775814,2
-9.460805915908525,-1.5566643128147546,1
6.486848570746913,-6.41345741877396,0
-8.78524447323356,-0.9119860811096674,1
-3.6745842446984014,-5.937306565647452,3
-4.5574975184105115,1.9160719034945617,2
-5.012525590638843,-3.822527114280734,3
-9.242088636402281,-2.604478320123637,1
8.204300456229575,-8.207288065710033,0
5.782519318260492,-7.912370091447947,0
5.382302272809171,-6.757059647854829,0
-5.186796837168318,0.005393761485344983,2
-4.824346638176948,-0.49386791343522485,2
-6.691353848735714,1.8883552989431827,2
8.381344319406086,-6.270286733891439,0
-5.41443438205869,-4.306282745668199,3
-3.734531929949967,0.644370560350578,2
8.016633797957851,-5.394291978095608,0
-3.0880301474280416,-3.832423464151653,3
6.43135992053997,-4.744413467320756,0
-3.2714378905221935,-1.0450077464552652,3
-7.6857645617304335,1.5976239547768452,2
-9.929018175746139,-2.837721974413657,1
-6.853270158941289,1.36361889919776,2
7.76183218113243,-7.7772272881201685,0
-6.662577506780424,0.6391201917487014,2
7.536845179811946,-7.146009667078458,0
-4.77180091428831,-2.5126288592869557,3
8.25185207707951,-8.002599662416536,0
-9.720931012029622,-2.950631657703456,1
-8.549031052932355,0.29343482666277376,1
-5.172159571818445,-4.214802384598007,3
-2.3760972834262803,-3.7497166658453085,3
-2.8757945857159157,-3.3967771078188402,3
-3.4496196444358755,-5.474453919065343,3
6.845209891412184,-6.315850902899163,0
-13.046221397921698,-1.5166883827149842,1
-4.539417297807402,-2.2350186335265128,3
-4.3904928755301995,-1.6026221645036909,2
-4.70687890888723,-4.785397813500598,3
-7.018454729690296,-2.2877750432992783,1
-7.771267214845986,-2.1331802842460257,1
-10.746519906285084,-2.6080536654602975,1
-9.694809030898302,-2.438555313778268,1
-9.753624365367031,-2.1034763876905678,1
-3.1905161108830633,-0.31514728218539056,2
-3.9120419310343046,-3.033904668099483,3
-4.342411317388148,-2.8559891802978408,3
-4.4691444502094235,-6.402694022633671,3
-4.225069819728826,-3.0877877241268905,3
-3.946108271650788,1.3219142506404862,2
-8.621479310466144,-5.215362888504038,1
6.553931922507002,-6.492686578409942,0
-4.2095134602091635,-3.224357002432902,3
-11.74848952256809,-4.623144730225581,1
7.081625868982477,-6.965404429210658,0
-5.198261383519043,-4.526445294824552,3
-8.288760992381528,-3.3132210755992366,1
-3.3467393458519927,-5.164079518575881,3
-8.641585442956789,-3.3036144759639408,1
-1.7870491850734118,-4.34398231720379,3
-4.803695722479446,-3.3337144588116936,1
7.8042868279553055,-6.926130194347174,0
-7.974436532990131,-4.612563185991184,1
-3.3585058432779498,0.7632681376829998,2
4.868290986692521,-7.093969401858069,0
-3.855448446425674,2.9330831528504757,2
-4.126946235999662,-3.212834938510113,3
-8.448122343063005,-6.567106943444518,1
-12.780831409106558,-0.024406355833299642,1
-2.544818923914919,-3.624556127650423,3
-3.3600095948210336,-2.488959343612434,3
-11.916856582396473,-2.392300885691543,1
5.945181697169866,-3.7585131092358366,0
-11.544188138043724,-3.0073517557125395,1
-7.563324930648056,-2.8632745366150893,1
-2.3855745031919664,-3.7033973938336184,3
-7.991969329330707,-3.6465615429558453,1
-3.271770273816463,1.7217648172139641,2
-3.5265473228959956,0.527948398574128,2
-8.807062810029745,-1.5967962344072275,1
-5.279065362315375,2.4743426073576966,2
-5.527353196466807,-1.0729099635576205,1
-10.747345569209422,-0.019736021076277588,1
-10.157320587621019,-2.6436059201549083,1
7.437913802946869,-3.246376612569458,0
-6.08359704615094,2.2185602467952874,2
-4.448351097459597,0.9139813041805578,2
7.1927689488923185,-7.091925504129187,0
-8.347070750147752,-1.4690117901041417,1
7.78444644073216,-4.964887620960815,0
7.853880742630299,-7.43026208491942,0
5.288176099812254,-6.105898695258206,0
5.274919694816374,-6.3444707791679855,0
-8.420332089089838,-2.997945302274548,1
7.507589382674663,-5.554728327727481,0
7.634742867529557,-7.979322590841413,0
-4.5011527752603415,1.6704531489438876,2
-4.821336696159531,-4.465518706254738,3
-5.935109244537746,0.13456225281058287,2
-8.88698280940329,-1.3041370757197757,1
-3.784169814324488,-5.440209542833412,3
-5.4619239266722905,-4.566485923733742,3
-2.9023203521386876,-5.698340004877433,3
7.351115327744136,-6.366864352360453,0
-6.214202792398163,1.2763969742204062,2
-9.015261496996002,-4.029168304705536,1
-9.720957194498094,-0.6226964153973213,1
-4.553468306069958,3.74720066439873,2
5.8107566357706375,-5.273836769994402,0
-9.188640339631899,-1.2877076216533823,1
-3.0565999485620163,-5.56997176727198,3
6.579821012360844,-6.623425483084618,0
6.502117227777136,-3.9106596532952556,0
-8.115452206725148,-2.626258186944319,1
-8.995587030372985,-2.4523874460918984,1
-4.00059193415131,-5.201021280365286,3
-4.7717641226933285,-0.11600874046099119,2
8.43612758067143,-7.419723839358291,0
-5.261292115856375,2.9792032452279056,2
-2.1468621926673976,-3.4514898080444425,3
-3.2507871032466786,-2.7527742100618844,3
9.065857241865512,-8.38901713420181,0
-4.430084449791697,-2.532961302611474,3
-2.300524184817666,-5.581827298437957,3
5.666832686548013,-6.966314033012479,0
6.072141576744995,-8.119117318163237,0
-7.261341400066855,-3.0230292709766724,1
-2.106823187094765,-3.8978446977340444,3
-9.020208822500443,-0.5251606810884843,1
-11.673646221384711,-3.0741955399469303,1
-4.544530161328819,-3.840889927719255,3
-4.662974797528949,-0.5873981238973143,2
4.85386852756971,-8.347596393955232,0
10.762364910674219,-7.346776432470607,0
-8.348443350201336,-0.9599299670522532,1
8.049963301951173,-6.848152790078744,0
5.184719605801848,-7.838009931309407,0
-5.809741863129913,-1.7166826614942923,1
-4.168781989160731,-5.243299369207766,3
6.095756728172097,-7.273670431538935,0
-3.4064557896559013,-3.28654268187972,3
6.890543704484234,-7.49747974806632,0
-5.761183361666904,-1.9684434385756209,3
-10.082851618288327,-6.1560616809954425,1
-2.5868773674709447,-5.07843167186524,3
-4.38970618787442,-6.622991218633913,3
-2.5832877462168113,-4.4359156939242474,3
-3.2561869010448596,1.1703281181160843,2
-6.256270866605874,0.9562554670048364,2
-2.826203048851581,-5.622504437227361,3
-6.900323133248683,-4.082792732021402,1
-4.708381810808484,-4.628763327851082,3
-2.3243783519934977,1.3429104286144717,2
8.988920553995822,-8.629319442655259,0
5.451657139998794,-6.490098257247902,0
-3.972981332549665,-5.0701880199117895,3
-4.713767871006913,-1.8108621010597075,3
7.166068948241716,-7.247600245376548,0
8.445909468916676,-7.72870954602818,0
-4.125131554246842,0.8057302748735072,2
7.45369738123286,-6.528697602193366,0
-9.36464112575244,-3.6682859978210662,1
9.662838453922165,-7.976600388439083,0
-3.737958260559499,-3.979774052118277,3
8.759149037527864,-4.056537266576683,0
-5.8566545284663185,-0.148550291882247,2
-9.120404831132992,-2.5860766816651264,1
-8.046369039769893,-3.23111448599003,1
-6.577528862454816,3.677386872080642,2
5.896660052840843,-8.859929236229991,0
7.98972685226727,-5.653141425326321,0
5.6508702879491395,-5.837499059429382,0
-2.8236419338907397,-0.597695182043477,2
-4.783656010690734,-6.354879532076527,3
-4.866317673010849,-4.9733377812242034,3
-8.531981196557917,-4.705117755373638,1
-3.63370322586399,1.429604781827016,2
-3.5422077773744736,-5.428234595133029,3
-2.696956468217725,-2.5566642653293474,3
-1.5743528073257798,-4.530806458399622,3
-3.647907233297183,-2.3388026575253535,3
-10.467397647683068,-1.4147952062397668,1
-4.792385746041583,-0.4154336601845279,2
-4.75565754978258,-3.782607532866777,3
-10.3129730678239,-3.3241627156429883,1
-9.343386166106633,-3.0461213765644777,1
-9.238813091394903,-3.018522148499727,1
-3.841014090021591,-5.432334184426466,3
-5.0911365005688385,2.4213415579893747,2
-6.045692166007259,1.5397990426587687,2
-9.18250184526095,-3.623592109328299,1
-3.600627384514434,0.5618938930487667,2
-12.137341277412267,-4.011458256917401,1
-4.471212024503711,-1.6146406394803852,2
-3.650851908233346,-2.186422724193835,3
-4.5625818362299455,-5.906208613012877,3
7.625154945160525,-4.984583348221786,0
-2.71521943798059,0.15724818967108117,2
8.044647865154717,-7.521977433815433,0
7.961137779546628,-7.703593523678737,0
-5.1676991584659495,-4.44150962600549,3
-7.940341092378027,-3.0211962750850505,1
-4.631390676682173,-5.086265096475301,3
-7.100491017555605,-2.0348974289808908,1
6.551845332398113,-5.726580541884056,0
-2.493909724702496,-7.538769645913964,3
-8.141863977186922,-0.6417607344691145,1
-4.71035821648043,0.4433974166985195,2
-10.7451401016659,-1.8599195663338324,1
-8.758703468647177,-1.9325916451070557,1
-7.692312699939947,-2.474056682427279,1
9.041014737597795,-5.774176337714934,0
-0.9436654684989452,-3.5592130324927007,3
-9.042817717795257,-4.63795208783534,1
8.675208319705032,-6.9871880102704145,0
6.214306574032041,-7.417400645838344,0
7.418944772141387,-6.3136285543451836,0
6.770435564739613,-5.0936602015000485,0
6.874986450574464,-7.435068498469208,0
-0.7089887095340872,-4.263872298536681,3
5.972565028785055,-5.7096042328266225,0
-5.6225739759461915,2.8460218578960745,2
-5.252557611281965,-1.637575741712082,2
-7.818686618573329,-1.590619775927838,1
-8.697018918384428,-4.435615422438834,1
-5.175185850825015,-3.859447417355957,3
8.489834507241973,-6.200275790156215,0
-6.365298363689498,-2.4564986883472235,3
-7.4232037996055436,-4.786728073942198,3
-9.264459928067632,-2.1162192084803513,1
7.2415739288719285,-6.274591419231249,0
-6.505693220750208,0.9231219417260733,2
-1.480183313255305,-2.1539685651130203,3
5.876682862176604,-6.384805123273984,0
-4.516529630846467,-4.718322607624933,3
8.044725702788742,-7.005359901432784,0
-0.5496170991879947,-4.499888392680443,3
-3.0836412694121655,-2.9004518726737136,3
-11.914923628275455,0.2063651832287725,1
-3.987112563955501,2.410979545568993,2
6.677790766495754,-4.448952483984006,0
9.789102926774143,-4.815384020180238,0
-6.302842359753138,1.3462231039126689,2
7.558070390247529,-7.257391938996977,0
-3.3427945729049986,-0.5289549226699803,2
-8.227926237082904,-3.6297025445865168,1
-5.52994360813475,-3.383645603726624,3
-8.950450160439672,-3.440450042214928,1
-11.241270698202328,-0.8856425693073908,1
-2.9718364230585324,-3.938878257391147,3
-1.5335207760168794,1.4090683455618511,2
-10.256180837996606,-2.1098091079734336,1
-5.064297455107726,-2.8054201559399896,3
-5.448591700074871,-3.74758003922208,3
-9.12920042223124,-5.031398048596683,1
-7.173986853515685,-3.944883729107225,1
-10.708742142556924,-2.2476125891949255,1
-9.552553339747037,-3.534343747763163,1
-4.254935186164432,2.624343563550147,2
-2.4290942017505515,1.5254362988187768,2
-9.29555280846267,-2.1556897475311025,1
-5.854918439941656,0.954266425564338,2
-2.5249124984068754,2.8545344976838933,2
-4.984301541238734,1.154920715122302,2
-4.804911466654478,1.90862777718502,2
8.745333842942381,-2.562833806116216,0
-2.449364968144612,-2.2440589545275706,3
7.921959186242156,-6.602113192806971,0
-5.307166547053416,-6.125794760896536,3
-5.7178602980101685,2.0063128771615055,2
-4.837970790871081,-1.642681915753177,2
-4.129238552646985,-5.538441806557293,3
-7.260642885967928,-1.3355106083803576,1
-4.019206305131717,-4.132790749744412,3
-9.348594463888912,-2.07217903170007,1
7.039176286580035,-7.78938079950092,0
-6.083019949369099,1.404897748891234,2
4.307835503470583,-6.427653268865356,0
-8.999633351079716,-2.14978469877335,1
5.123250641707565,-8.079945578626857,0
6.731821183403876,-6.962828751219468,0
-8.989705903497569,-1.6892166782376974,1
-4.898218182569817,-1.007964481207447,3
-3.997925958823119,-0.02610560120484884,2
-5.436953210822646,-2.8736894792160186,3
-4.108890022811245,-6.186020844427519,3
-11.125369610240984,-1.5085455229451954,1
-2.8964208507179405,-2.871183820875289,3
-5.837162808699681,-1.2982786517498404,2
-3.805853528473051,2.486579997325709,2
-9.833431311443748,-2.008962701314248,1
-5.482344257063709,0.49349588642820696,2
-4.343401280781608,-0.8110304442178968,2
-8.25809990125256,-3.6610211157116774,1
-4.54450404449219,-4.83657551147198,3
-10.105697934851129,-2.917321828877777,1
3.867679653166746,-5.15136207360449,0
-9.77217080632108,-0.6698857906552269,1
-10.984377188093989,-3.0577253130623827,1
7.599652002433512,-6.050091106575688,0
-4.638172218170066,-2.2339775713035035,3
-11.616892370097602,-0.24509925886427641,1
6.4835669489337695,-5.936994231586968,0
-4.669283347994982,-5.346144613963709,3
-5.404161102317848,-2.7789349236439973,3
-9.224067391319712,-2.344337993519134,1
5.6610303281196295,-5.7576036724839454,0
6.8475386994529,-5.579483358839255,0
-4.6010894061025684,-0.7931314378225367,2
7.8564971946119435,-6.160703594430313,0
-6.655312981701192,-0.8115713202661754,1
-10.741295961524067,-4.383307548787283,1
-9.815068559921976,-1.3138808002421516,1
-5.418557944183735,3.4948874994482866,2
6.060760298543866,-5.749750755166099,0
-3.2687917597285354,-3.690412899137769,3
-7.001692972892982,-0.19058298551919073,2
7.931140889785906,-3.971157785848622,0
-2.630956313274403,1.6345563146237558,2
-3.086451311586184,0.7966524893208434,2
-9.627637015396873,-0.801301668708265,1
-2.5318212114157417,2.6406617929254192,2
-8.030209846421474,1.1887901504480867,2
-4.087362463143117,-4.588304806836893,3
8.472033914074768,-5.267912889401206,0
8.45201173654512,-3.7262116558318517,0
-2.833655158653615,2.7838130826891576,2
7.2802775207719295,-4.418009729281032,0
-6.579984892319663,-5.419805989381365,1
5.307017884624187,-7.220615734537615,0
5.350670199605095,-8.799801312452942,0
-3.142331727569538,-4.80427551848616,3
-6.313507601579641,-3.804542645346002,3
7.490042027885624,-5.544260524495485,0
-2.8974317476986498,-2.3949179644626746,2
-6.135805369768352,-1.0364823969744672,2
-5.298650289893514,-0.14554358558150915,2
-9.602509952121205,-1.155144901202784,1
-4.949554799512665,-3.7774595995720746,3
-5.585029245523055,-4.270426258613677,3
-7.0867474345254715,-5.024517669178802,1
-4.59294564310872,-3.8854599535467003,3
-3.447806459597232,1.7105338273061068,2
7.170866213619949,-5.88620853470154,0
-10.18789127517107,-4.432909602939061,1
-5.957135203844954,-3.315741299319028,1
-9.057189409352377,-1.6680796418812456,1
-3.615701046474813,0.9097273590451491,2
-9.547676490221695,-1.544356828248296,1
8.492911047950642,-5.4659741738272585,0
-3.8640478089092407,-3.8449224814736493,3
7.629536497085166,-6.978564815016725,0
-1.4742941735634512,-3.8504265102401036,3
-4.98559094663392,-0.04881110797130028,2
-8.381980279183981,-2.1742058817483736,1
-6.542012361989215,2.155623281907615,2
5.6139902589273145,-6.664466795828343,0
-1.6050635622547857,-1.9369680072500677,3
7.686591623562421,-5.647287384795615,0
-5.281139943432776,-2.515654150142444,3
6.876634609979363,-5.840989318686497,0
-11.400520863682958,-1.8941045059627384,1
-5.834770403921009,1.824031384221969,2
-6.782056921249417,0.18475436122613137,2
-9.116757019466455,-3.529317498072615,1
-6.4570526251107045,-0.08524469669756873,2
-2.3883318123335666,-4.509579448914029,3
-9.830444717115153,-3.4096665006731444,1
-9.543459715573205,-4.294285380826935,1
-3.6499312318987527,-1.989142170272265,3
-6.832005784287393,0.32381907137976096,2
-5.6927539155269775,-6.583362953825599,3
-4.753939278498547,0.4911823672025596,2
9.439619749796638,-8.200610769459594,0
-4.003188005923989,-1.1736453185693525,2
-9.366445724277561,-3.6913692895959165,1
-10.688446207927797,-3.7606762132926663,1
8.704895015342549,-4.391465681288049,0
-3.672970608852715,-5.2862396381841075,3
-10.375848821888669,-3.379156616297638,1
7.346632583553971,-6.905329591326788,0
-3.2887173828901846,-5.170193841655387,3
-5.011465699916493,-0.32973858192056027,2
-4.224864418120107,0.4071956479902713,2
7.25234556720226,-7.1496969202267415,0
7.113258490339904,-6.21406303751475,0
-4.887996992657595,-5.7669875224372955,3
7.165478346496235,-5.910286659475,0
-3.2368310174267183,1.146156314780523,2
-4.163414664556937,-4.3431710687202205,3
-4.824791786902517,0.9759676163281901,2
-6.859128278893989,-3.255290079687916,3
-8.374613582953028,-3.701472728202069,1
6.863946024919647,-5.452980653883328,0
-5.582396220523309,-0.8293754245455569,2
5.876314888133236,-4.58324196896385,0
-1.8777614394509836,-1.2344561559773162,2
-4.970910605399376,-3.001674535388609,3
6.4949127899616785,-8.38716972703579,0
-3.4574938445616157,-4.514085301971161,3
-3.9426636882023782,-0.5162322207674408,2
-6.81985280662543,0.7925623758866079,2
-4.176148447495127,0.7192552314279977,2
-5.278394007142606,-0.011336878151947949,2
6.949559985983746,-6.809147217835612,0
-8.375372420982261,-2.774643374148426,1
-7.746054066895167,-1.9284340350856481,1
-2.7502819409722994,0.6556092333388378,2
-9.751533829266092,-3.3599036303893683,1
7.739942138376049,-6.956904325535579,0
-6.3851152874218196,0.0062118749841034715,2
-1.4127203972735929,-7.256157272173407,3
-5.147784113300366,0.7635612155286434,2
-4.455493216940561,-4.321182564366454,3
-4.13149647708996,-4.812383859796205,3
-2.0065200368168665,-0.2867462445406169,2
8.121565013656253,-6.735936077831152,0
5.823699308578824,-4.828574608958373,0
-4.530463568179585,1.1491242339039571,2
-9.965100068806453,-2.21677162756443,1
-3.9221122170667413,-0.1403493326357974,2
-3.888441326797022,-1.3541103363145086,3
-5.99323209455057,-0.3956979560439374,2
-4.338648986464648,-4.24895445193971,3
-5.201969728768805,-5.436995298860351,3
-3.8243091675192074,-3.2850465422857367,3
-11.068214652092633,-3.5861790459655922,1
-8.07591968778866,-1.0527482649370914,1
-3.1816997321229086,-3.243957938886684,3
6.200622526848991,-4.972788002147172,0
-5.068563895126918,-0.9577916985955301,2
7.978078133702665,-6.9441296108576624,0
-8.349638450833273,-2.871469025072788,1
6.928350836323466,-9.9473097714726,0
-4.519308163667916,-2.236867779622976,3
5.517369277480833,-5.389282272297299,0
-3.9015639835723763,-4.76408089748328,3
-3.7027460240354624,0.4726708650048601,2
-9.581591566625878,-3.2572750948137745,1
-4.325063048849657,-6.108310959782669,3
-6.517623710598335,-2.997859457494133,3
-7.500698995899045,-2.6126758864301394,1
-2.538272065720353,1.1148899166760482,2
8.515566846016338,-5.420126056379365,0
-9.78577363919593,-2.2896931317582014,1
-4.251216284638422,-4.7323631125938785,3
4.196307491853403,-3.0507785448420774,0
7.348597982705939,-5.400262938026218,0
-5.399739487920469,0.8823406484993379,2
-8.681449703587171,-2.340751007981888,1
8.171873581026738,-5.373466307004496,0
-6.529043553007918,1.0608198754231484,2
-4.300402193867953,-3.4456953675432445,3
-8.306620372581287,-2.7274645370544373,1
-3.1999249579409987,-3.2895069863423942,3
7.280868220803828,-3.756638681555235,0
-9.257488121037438,-1.1433928302451415,1
-5.709994029230864,0.8021472802071667,2
-7.746372258073044,-1.6213066784092012,1
-3.8738691656488813,-4.907668859563202,3
-1.244224065481046,-3.6160894926728866,3
7.6752403935656535,-4.8641168328556965,0
-1.8555220596621878,-4.322359601383028,3
5.804877999621549,-4.4796918361015,0
-4.382788917406453,-0.2504932958660452,2
-5.921709630821477,0.229212495103845,2
-6.535694632963212,0.7006969518669874,2
-3.761517618816266,-3.8399986925852567,3
-4.314323270639157,-5.623028974976382,3
-9.732497132931975,-2.8638816209625992,1
-4.075076255631543,-0.3462965249547618,2
-7.302859344314272,-1.5509703426624006,1
-9.802105206618098,-2.5106923286909986,1
9.02207715683765,-7.672585553776639,0
7.556063446670401,-6.53092489639504,0
7.564277188503468,-6.195730011322112,0
-7.755227064518886,-3.3072408826020823,1
-3.2275940710440505,-4.26184072128666,3
-7.58716692919032,-2.703762139857145,1
-9.506644426036647,-1.3313548145001797,1
6.588400372941199,-5.502183441313004,0
8.561832621153032,-7.2167579421266055,0
-9.322688443667131,-2.049506022392192,1
6.363413091841401,-5.563460148636078,0
-5.346378329551469,1.9027847814763246,2
-9.480548679233069,-1.966283534992993,1
-4.134539365160307,-3.101276711669273,3
8.553057205578638,-7.53848287169087,0
-3.7198289510589113,-3.966780780187549,3
-3.8848685021290725,-0.0517089770643393,2
-4.662795588781461,-0.270582461737352,2
8.37740151076381,-7.198418203308635,0
6.139352815836518,-5.4009558750550966,0
-4.839983567353925,-1.6270669474973012,2
-8.046782436760784,-6.270669786044504,1
8.19232233581108,-4.510192745775564,0
-4.114927297052297,-3.135549137352475,3
-6.383187092979389,-3.068404103917941,1
-2.734577446380356,-3.0383410340943637,3
4.936022734502161,-6.837867667814044,0
-7.649117347391657,-0.8102953886386968,1
-3.6307638077150526,0.48028069488146347,2
6.516705545029385,-5.048758702743482,0
-3.7555965585611553,0.4087489804031116,2
-7.598697573487863,-1.560789014225637,1
-2.371329007282286,-3.0338482283992727,3
4.989427452312826,-8.852423031067744,0
6.579632877570734,-7.037954385123062,0
-6.189068209505614,-0.6596009164705829,2
5.132928078683463,-6.021053446773004,0
-2.8713405654938846,-0.19479539422632863,2
6.349509748291184,-4.488818657671801,0
5.275920840864822,-7.937638235208374,0
8.745736800695965,-4.279231996786254,0
7.091350473089498,-7.036351861408125,0
-2.5302136129847677,-2.8641420094752266,3
-3.8922933043200216,1.872876245560179,2
-2.5886319221724046,-4.774590672927685,3
9.365763692983954,-5.25800048629619,0
5.510106746796321,-4.899620501711112,0
10.346096153182295,-6.816274157483029,0
-3.9111627056076346,-0.4312883282248343,2
-9.884348201024103,-3.9544230989692326,1
-8.348729808203151,-0.7413811301506108,1
-3.7962991147108607,-3.8446969685220895,3
-2.4409991590679314,2.620607822639159,2
-2.880445445352045,-2.398230082609799,3
-7.6616480889875636,-1.6320387588213443,1
7.430057296650635,-8.8381486105163,0
8.309694820253952,-7.3739593208797025,0
-7.483494427272744,-0.7538566580052368,1
-4.860901292929794,-2.087796928458177,3
7.863698056158847,-5.53653005394433,0
-4.2151199776302155,0.17582322085667978,2
-10.074490337221466,-4.479232881461176,1
-3.7765021083467873,-4.602610035757829,3
-10.17007626600443,-2.9814501030510097,1
-3.9139533067455785,-2.000339028713167,3
-4.685188968483246,-1.8474911053608802,3
-5.025496333254338,2.0898434733768454,2
-9.118502808809735,-2.499395797340665,1
-3.0092158984514974,0.31541634277528713,2
5.959028614407308,-4.3451901467706815,0
-8.352321377445037,-2.0571846150036466,1
-5.320923874240818,0.8660894249798445,2
-10.191421726787397,-3.159236122734572,1
-4.840622039199534,-1.2078565628717464,2
-10.905072891348883,-6.169895184777951,1
-6.827944307965036,2.1224160569296595,2
-6.6870115816462725,2.5304106681243765,2
7.985259620907454,-8.684792144474917,0
7.454095457539294,-5.856935930820549,0
-3.9339461251744194,-3.131373587392323,3
-3.695557179151223,-2.2781858674137228,3
-4.187622674528339,1.5298325918537614,2
-4.539149117896048,1.7143886975885152,2
-2.755288932593808,-1.0660390267004125,3
6.198790414883418,-6.0472815061248655,0
-3.3360487980630826,-4.2289416047582975,3
-4.360932643635203,-0.1445726711842652,2
7.85987819555679,-7.172920645405741,0
-4.886145577159508,1.842106822399112,2
-6.077560849378323,-3.2350111563928943,3
6.911312028814469,-6.632812660950599,0
-5.9595681867744235,1.8387805999723383,2
-4.911324666157748,1.328301253701047,2
-5.507980590599428,1.2676785352585158,2
-8.425885261511514,-4.065233974464105,1
5.355167931682406,-6.087377359651416,0
-8.361470630988387,-2.7597759207606347,1
-6.52993935595147,0.5902700312848416,2
-8.942486480643916,-1.0495555619651502,1
9.742665721631532,-7.797699766901811,0
-6.695028993659307,-1.3385206705476898,1
-7.066084442112614,-3.669424835905561,1
-6.246963109767515,1.928278924120518,2
-3.651603320951701,2.936165611896927,2
-5.03769233524743,-5.990801851330289,3
6.453524944689838,-7.142656624335052,0
-3.6920229645021587,-2.091205972636433,3
-4.012692620356416,-0.06089818883520748,2
-3.772621989310129,3.007073262111394,2
8.174713305538132,-7.357325891069927,0
-5.98395608491898,-4.666920578521928,3
-3.9239715989718444,3.6687890825372027,2
-3.946974517285746,-4.531134346933049,3
-4.830344483690018,-4.738037714849788,3
6.710136886988447,-6.1828404551027525,0
-9.808927302839818,-3.502733042108603,1
-7.895710583484512,-0.4176756481023429,1
-9.065146128867495,-2.4437171586008057,1
5.847598022280527,-4.61218171865066,0
-9.774682363305047,-5.365350527426843,1
-4.988706682591911,0.6586815138086501,2
-7.84051472271561,-2.2811789521437325,1
-4.095422750425818,0.6501186474845454,2
-3.76301193027181,0.5868627392448119,2
6.7070303083908165,-5.809853833061379,0
-9.031427217327549,-3.761947253906089,1
-2.163887642385655,-4.391699806141485,3
-2.467195699265501,-2.1776012763921058,3
-5.860675711039367,-2.3425844012577555,1
-5.4821318842283935,0.3782637127524282,2
-9.088198894238307,-3.3645187517108157,1
-6.828212158167691,2.00623903755539,2
5.048684804699251,-7.631053073955913,0
6.731079583231907,-5.646518860755842,0
5.57363992589613,-7.760187062565881,0
-3.0619208223713366,-3.818782564795689,3
-9.215227604979287,-4.615011106205297,1
-5.35430622926279,-0.6703907136753608,2
-8.511466245418914,-5.4072143263424,1
6.9772156580513025,-7.4102144627346185,0
-4.820983254489795,-5.075742213290084,3
-7.602952387961618,-3.2538775656162997,1
-6.507444182856186,1.1076944640212385,2
8.545586376550474,-4.919503358551198,0
-2.4496608595754936,0.7934059500318608,2
7.195387553732063,-6.300555622287863,0
-5.282561830787454,0.6861834023921023,2
-3.6592807915631305,0.845099250084987,2
-4.593959244979735,3.2915829678472908,2
7.76356511967423,-4.955358756536905,0
4.896280106006607,-5.7423418088977956,0
-9.977601185986153,-2.058884301300828,1
4.843419608465687,-7.690963040997923,0
-4.22283542164188,-5.136118734751984,3
-9.58097153589644,-2.7396598879328944,1
-2.2692751826145154,-2.817241614405117,3
7.007850003774849,-6.440408825188821,0
-8.384175175014857,-2.6978556463433097,1
7.7666520276216655,-7.133796936427629,0
-4.636950699573597,-3.76992334343205,3
-8.95564703240023,-2.2161112833510517,1
-5.575780797182986,2.259146166078155,2
-2.1610119814907556,2.4123786462928765,2
-9.121668655338933,-2.5944122090732162,1
-6.497315113673652,1.41587049505543,2
-4.82420672729576,1.9672893490214693,2
-2.9591376708136186,-5.6462951782194715,3
7.598935352001047,-6.297691280721901,0
-6.7785595422829985,0.42807009811290336,2
8.090964178372758,-6.478394529351753,0
-4.012811374406364,-1.1605114666170726,3
-10.195748192697152,-2.0197542887892856,1
-7.035718917961235,-0.1189679138189168,2
8.265290468542268,-6.172165900331923,0
6.892476548698488,-6.524550626484927,0
-7.0648285469679015,-0.3467699793420409,1
-4.496696303171501,0.38484758305671896,2
-2.244346316757362,-3.5773080042425702,3
5.851559090747639,-4.66719143794421,0
7.6231753014338555,-6.947934360310036,0
8.320584434349561,-6.368824841358254,0
-2.1260554340477107,0.07615968946698648,2
-3.9865774158242933,-3.1088266938115465,3
-4.644151277863415,0.4178688417527631,2
-8.756429522083717,-3.0815089998301284,1
-5.954342070871517,1.111584144084081,2
-3.2258809119836953,-6.258059171704193,3
-4.436858090972424,-5.101509043775665,3
5.979319539311664,-5.601045563505789,0
6.089558290327813,-6.158314444480777,0
-9.454636003437253,-2.9117034829769444,1
-5.708184043501998,-2.4080928782716207,3
-6.879212034463823,-3.654132767173319,3
-3.437678870424379,1.0754277731973805,2
-9.203893891566377,-3.2180653638040817,1
7.073869733863744,-6.3470677456276885,0
6.7276569435481575,-4.748646708199775,0
9.062094517326205,-6.631881846705278,0
-8.324066561948761,-4.270944100937856,1
-5.262457837184173,-0.8114074389957868,2
8.535890006334672,-5.528003003108078,0
-9.437837304363327,-4.4853065272693815,1
-6.038376753606155,-5.151651979889186,3
7.0679083099123,-8.716551569663118,0
-7.949232215344442,-2.378820009083168,1
6.155023102683114,-6.049804917437499,0
-2.638751741500435,-3.3025110863500085,3
-5.411399730584116,2.612094513820189,2
-5.330786845081661,-5.111457275500125,3
-4.560928673257679,-1.8822623499685691,3
-2.679169521805184,-4.734071278087516,3
-3.5149317882030258,-5.38160957218684,3
-7.58728928619125,-0.5668063608333731,1
-7.075111879630571,-3.813355418698203,3
3.7834305984381507,-4.8255850739311805,0
-3.098130984710296,-1.9617174690554844,3
6.374680657727831,-7.001496573423917,0
-4.724677201681521,-1.6684801024401157,3
8.087510302435058,-7.479013493680712,0
-5.070294234151254,1.5955818586875021,2
-7.225538663802995,1.7160794202971137,2
-8.355937294506631,-3.3263114456484626,1
-4.474680552137527,3.5120233291779384,2
-2.451623801502535,-5.616880318889642,3
-9.39224293266298,0.1458557794133557,1
-3.858106668781905,-4.5631173249207055,3
-4.352789692135947,3.798248320268281,2
-3.844046686737262,-4.103321043604738,3
7.738125612516255,-8.678606889117763,0
-1.6367657629465535,-5.71012484711272,3
-5.515715359827084,0.2668125049538097,2
-5.164719409416038,0.8779905276434739,2
-6.314532565958819,0.2596989496430992,2
-5.823042448740838,1.2614893016247186,2
-3.5941870480368068,-2.318851841814719,3
-3.3913489863917676,-3.9335407037896433,3
8.58540280527247,-7.613400437919899,0
-5.312472155162967,0.062128700676277515,2
-9.72665072956945,-1.37596763452576,1
-4.200389517848966,-4.454668750524906,3
-4.038980641693647,1.3746562963179971,2
8.529119638143104,-7.788163787919286,0
-3.645933683099137,1.457671487103883,2
-10.204502277143488,-0.10213217892175885,1
-7.780427080144621,-3.3535168568071083,1
-8.182534220483134,-5.627352944112463,1
-4.53898722172517,-3.3304703976633423,3
-3.459109966849719,-0.3643452498548043,2
-1.0549791041945071,-3.1200541486984026,3
-4.861315039241923,-3.1096696721177115,3
-8.544503381560611,-2.0367918425007456,1
-4.4487429072403675,1.2773144851168352,2
-8.626712202704539,-4.709333174656391,1
6.407965379079282,-5.67273173895272,0
6.244677409400452,-5.1712546133341375,0
-2.0494386134599827,-0.9342382793929649,2
-2.683538662408219,0.6184965987851914,2
7.992797788127439,-5.58220005019054,0
-2.9441383965246026,-4.55293246177434,3
6.269536137828737,-7.823311526103219,0
-3.818712149089659,-2.8609874700238422,3
-5.183576413973502,0.14733113166332035,2
-5.456114975162393,-4.598428072312011,1
6.985162620266507,-8.051618500203947,0
-1.6767847483372988,-5.671397531711785,3
-3.4858513463206107,-2.0067363121066903,3
-8.807639870966293,-3.8036287649375478,1
7.983548777144808,-6.830941979225363,0
-7.453003728941149,-4.5176852897285755,1
7.731454021403967,-10.090411166890453,0
-4.914654230734837,0.5195546344820681,2
-12.772136323213273,-4.099737372623091,1
-4.117947520832691,-1.5485123288834641,2
-7.905283344374373,-5.316682995961294,1
-3.1839841301239886,0.4862622653151466,2
-5.990875811897171,-0.6777594064809214,2
-8.446982145900762,-0.6089023730297125,1
-4.3260311913368845,-7.121464969333677,3
8.305553182011232,-4.660549247570353,0
-4.5257312311528946,0.060724214479381144,2
7.177672258771959,-3.934985329539852,0
-8.514523409924752,-3.297713072983076,1
6.552946505407543,-6.546948784843878,0
-3.1542215959525395,-2.639618759761369,3
-4.558126014615605,-3.93065011914056,3
-4.259269096820275,2.3101411541776464,2
-6.12714336398083,-3.5331815613951116,3
-7.038022053388541,-3.4504251145880307,1
8.5559079615076,-7.289852940275583,0
-7.268871705229192,-1.8456559612665613,1
5.922382225200516,-4.205325349472994,0
8.021212271811569,-6.759176904504782,0
-3.984218233221564,2.124532069302265,2
6.626321515304319,-8.040757142526642,0
5.328266005763169,-7.064144138993489,0
-10.623686789929653,-2.6776190854253383,1
-9.306292294801207,-3.9923381158429567,1
-7.356309967782559,-3.070920210551357,1
-4.585851212062372,1.779611945128895,2
-4.087554411372261,-4.55721232957928,3
-4.7140046573662415,0.26838073874769286,2
-3.92919573452955,-0.40788954116514975,2
-2.0867701565255046,-2.237419352645245,2
-4.410696624324741,-4.300390549140567,3
-3.2902207937042123,-3.160721592850352,3
-3.2224501106484875,-0.6903236003332878,3
5.76533312594395,-7.931386980595797,0
-7.948323968285679,-0.18258623143380293,1
6.678356121337524,-6.4209796315689065,0
-5.347304908009724,0.9743843615652361,2
-0.6800017961662976,-3.832839566542284,3
-3.6161151839764836,2.8282638089161245,2
7.351848199323873,-7.938911308604107,0
5.091552783206601,-7.5214659008942615,0
6.373345897699126,-7.672367713623885,0
-7.736441645758376,-1.9344625692646842,1
8.640433795192461,-4.896315885318833,0
-10.071598949895574,-1.5346259810630505,1
-3.847237157960764,-4.800211923780271,3
-9.462417435619292,-2.5781648636242536,1
-2.4568816174560606,-3.4425214186284703,3
-3.6943318632895963,-2.786577526985625,3
-8.034023203289202,-2.568702852610333,1
-10.741229133386664,-3.3287834870748956,1
-2.4496749656931183,-4.139285054494045,3
6.581903821781796,-6.566957097917582,0
-7.265514193050471,2.1169412705367194,2
-5.05370464948983,-3.604042245426553,3
-2.9225004409514552,-4.278333548037953,3
-8.886638978588831,-2.0928904055300994,1
-7.7539015900596615,-2.790550039298374,1
-3.4341307139094277,2.7403647986559725,2
5.957703836303436,-6.073417505150362,0
-10.485010736013953,-2.5735644078443993,1
-2.6873335419896938,-4.158859985956884,3
6.420820538974956,-6.863043733933286,0
-7.02108736461642,-2.8645591916056907,1
-3.652387018480936,-3.8842218504324966,3
-4.296095312512776,-0.26792968383844185,2
7.596269445530675,-8.174414592800428,0
6.094621597727889,-6.08590690753612,0
-3.8935891396313864,-3.358557924623521,3
-3.7933368934667033,-2.5528570601193232,3
-3.7759337984768324,-0.3567232063600245,2
-7.021947791017766,0.7153765680032219,2
5.810832736185467,-5.181274787685565,0
6.328393333273669,-6.60577660402635,0
-5.642774122164177,0.7276201267108062,2
-5.311544124097634,-3.3590408388221036,3
-3.0517917833837704,-2.4860143335477183,3
6.430075623245706,-6.30017037647018,0
6.73558617017709,-8.609970542561747,0
6.80047384258157,-4.076241753569677,0
-2.857395099719106,-5.691847632378996,3
7.563699609822271,-5.995032041983399,0
5.924484106357312,-7.6243393665237384,0
-2.977826971861206,-4.513336036540282,3
-4.162997448833697,-6.7171888294494435,3
-8.777616289003841,-2.104833359493604,1
-4.858085078101981,-3.6585133140869366,3
6.997178708419458,-4.2692381345150645,0
-3.7500183848974755,-4.1346525408638275,3
-7.1972872539758015,1.0948279122713798,2
-8.849389886136622,-2.813801459927859,1
-4.671135473828552,-5.8645210712887526,3
-4.152784303238979,-4.207115401097013,3
-5.209990955924774,-3.640887380233685,3
-5.6421929290528245,-3.1259223233624964,3
-3.448562894796518,-4.704086121180732,3
-8.539153282871002,-2.367992088026983,1
-8.561893962389611,-2.651452512761529,1
-3.040499402020254,-4.1671438828624705,3
6.651851301771639,-6.652303385205674,0
-8.969675947036428,-4.4050883313806795,1
-3.4421094554214053,-0.7146365209935306,2
9.123941195162672,-3.8971336643136736,0
-10.648834854024361,-1.2435477559886903,1
-8.027255664812628,-2.0491757834199094,1
-2.1414974022764053,0.20073872039638924,2
-6.0212899713561,2.514863595324363,2
-6.3501518994125465,1.0404652543000794,2
-5.682946135217944,0.9311993491189394,2
-0.046155611468968516,-6.356363511346306,3
-3.6807630559332276,1.3098643740467077,2
6.300175109325882,-5.166331751530667,0
6.0461512156697115,-7.52300915973255,0
5.161201318558836,-7.111619807939418,0
-6.2752660592323775,-0.5717443737682546,2
-9.767166831192432,-1.3198110665173548,1
-3.6739182667933723,-4.416229185550204,3
6.357912033732715,-5.995183609227495,0
-5.691274953819553,-0.08180451604639372,2
-7.988019722028331,-0.7764387707037421,1
-4.256123662319997,-6.323504539506329,3
-5.021244528235177,0.7602424515723232,2
-4.034924639515058,-4.817130390685653,3
-5.426329132217504,1.630314832106586,2
-8.025658994255071,-3.4733823465805074,1
-3.1553358450348172,1.025216218930605,2
-8.493013405162571,-2.513951292933675,1
-10.746816662753943,-2.23291308099326,1
-9.731425335370576,-3.8203626812242972,1
-6.877401815535325,3.821593904088425,2
3.4263807728614744,-6.4897767495775245,0
-1.9364342090796318,-5.0790194672035565,3
-6.758627735413436,1.3254409827433156,2
-9.973146707086782,-2.990306776233811,1
9.410846267695993,-4.4712671902694385,0
-6.142776220045994,-4.550580185038483,3
8.1562319742596,-7.473546979637643,0
4.481512488779735,-6.42748580466597,0
-10.644238656033941,-1.7501422383815812,1
6.603120162548405,-6.5398064996085346,0
-7.8459060866624455,-1.49270447594241,1
-4.113872461179939,0.03270173759901562,2
-2.8036039934375756,-1.2436941313139567,2
6.720163435263133,-6.0626267634382955,0
-4.1032504179615525,-0.0957944744671263,2
7.205952734695896,-6.1976962623561835,0
-4.820290075509482,-2.6727206638516994,3
-2.7850890924195557,-0.5172248391713783,2
-8.120712058599704,-1.0231760422581861,1
-9.480762113791107,-1.3665373142385406,1
6.416867986117426,-6.459059755129886,0
-3.1968875746260688,0.2476676418761114,2
-10.369724501159197,-3.96685559671304,1
-8.538746303055031,-4.662795653496884,1
-6.053864899267106,-0.01684216153919693,2
-8.600740990873636,-3.822221969154374,1
8.67360695246477,-6.429571335781652,0
-10.132535151706426,-1.100709650064727,1
7.281006171601786,-5.88355193370304,0
-6.299174515228276,-0.5241944412924573,2
-10.10298565808309,-3.6507384896429382,1
-10.477295098370968,-3.5300058771983447,1
-7.112797526049041,-3.8443199180894596,1
9.613210560989298,-5.7423021833299925,0
-4.114327789194961,-0.06711344545012377,2
-3.9365571106723745,-0.2931587672754231,2
-4.363332088156813,-1.0808899279518378,2
6.306579901879861,-5.352043804803964,0
-3.8505594533686374,-3.025574293767629,3
-7.604269241254439,-4.5645013615416286,1
-6.769487181119605,-2.7871515974214547,1
7.643391936263183,-6.718895894345744,0
7.583355928141568,-5.206204651845242,0
7.996160888616643,-6.4678400766689315,0
4.950880972484741,-6.858946659561934,0
-2.1273340311484876,-1.4971605385412596,3
-3.3677779549665754,-0.9516644724037835,2
-5.988004385149952,0.014704075105142933,2
-5.2679812111435655,2.7179971864616097,2
6.095135050022296,-7.4988337233871984,0
-4.470495413169742,2.9594375633863876,2
7.827953187477757,-7.017053428734725,0
4.8279069119793965,-7.1009341346413715,0
-10.168188638633959,-4.386840143474187,1
-8.668643516560202,-0.25190919004814605,1
-9.218604571754454,-1.732789694784818,1
-7.258416990103952,-4.708914760841051,1
5.857388911284799,-6.516527071817829,0
-9.129951225645595,-1.2131443534457642,1
-3.4273209969128335,-4.57911699640812,3
-2.603704289452919,-5.522388100853273,3
-7.881293978058043,-0.2644591786089685,1
-3.672148773998406,0.5382186197644413,2
6.799160234715967,-6.762190404671035,0
-3.611356516173313,-1.2152172642918235,3
-8.822206341529188,-3.1271167459690816,1
-3.35265431921035,0.4328875872615004,2
-4.076801461232587,-0.05395782343312583,2
8.447734843418763,-7.005053443913658,0
-4.259985192416796,-4.278412748551379,3
-9.972309825873339,-2.153859929830844,1
-3.162946028993415,-1.4226715848041658,2
-3.5407606144029735,-2.930587870144818,3
-10.268576640908709,-1.8425113315454231,1
-8.813107759774912,-0.9933721936348863,1
-3.9084653545976673,-3.866202938180886,3
-7.217979390063933,-4.182590999735773,3
-0.5962117822357218,-3.280925603270603,3
-5.2682860397355356,-4.797468157372592,3
8.055699740486247,-9.362676091711522,0
6.991695898918446,-5.706417442078967,0
-8.71894435441866,-4.118911697316401,1
8.355527680963515,-7.129555923883875,0
-4.531186075417898,0.6835449313545778,2
-2.803249005686975,-0.5309885825386615,3
6.982943305735838,-5.537985515674228,0
8.361992106689055,-6.492341373386244,0
-10.962543731886225,-2.4396611673014856,1
-3.043645189735707,-0.031248301413283608,2
-9.032414168587632,-3.305361257962211,1
7.165103337535878,-7.2320485973518505,0
6.113015187205377,-5.827729202276051,0
5.107162334536875,-8.311225464763488,0
4.824130461863394,-6.098721435627332,0
8.056687436367021,-6.003089752628645,0
5.901650169814515,-4.88309700318322,0
-1.1801688060838411,-3.2504621430135585,3
-8.671942608661153,-2.2852953427860894,1
6.661807977387121,-3.46589756384997,0
8.26881529801153,-8.115476743084281,0
-3.745070987756903,-4.524912212102127,3
-4.969778907147015,-2.869412395033981,3
-7.528174679169769,-2.3142753548286183,1
-5.333018695039865,1.2149268963806406,2
-10.868619651862078,-3.226600447394708,1
6.807257370161693,-3.354570857086209,0
-2.7530948125162347,1.174013993475191,2
-7.0052018423670095,-4.735423217078794,3
-9.000171284717572,-2.4131994591152117,1
-1.881867707187244,-3.8125309026956256,3
-7.70440671557153,-2.8376650339782246,1
-9.552778710605436,-2.4496201397260733,1
-11.046515223841492,-1.9986156452475576,1
-2.3164725200376806,-1.3416976081068088,3
-5.0518757784450585,-4.696309887519435,3
-4.75180799531327,-4.335595420861987,3
-6.291991158302421,2.7152014724802247,2
8.089702303119411,-6.076055325852684,0
-9.823626037356759,-4.175004161089392,1
-3.849451498303024,-4.180740517471055,3
-9.266559840248517,-1.8409108012142044,1
-4.5891552386557946,0.6672663044257532,2
6.608706751091345,-7.358366129978587,0
-4.447502472016036,0.11393268462683048,2
-0.8453458136814,2.6634894643987095,2
6.558854591857993,-8.313110570649279,0
-2.6247843831735436,-3.3315370068390653,3
-10.312083499190335,-4.127158700024658,1
-5.2922303296534015,1.8676622332407664,2
-10.207074878397556,-3.6777284102212544,1
7.130437675473345,-6.926085172644446,0
-4.045387689916665,-4.475878198832721,3
-3.7559244968120526,-2.122967572376954,3
-5.598833171365693,-5.7604426401346345,3
-3.138419125304018,-0.48570995669025097,2
-4.285046647094748,2.5147358909365187,2
-7.7909343789951775,-2.766532518524142,1
7.2727169572576935,-6.261251773536883,0
5.911073288933886,-7.277274159272762,0
-7.765951637684472,1.905843695011708,2
-9.059639951671366,-3.842637209599796,1
-4.240394094257932,-3.8681161973395097,3
-3.489507456572833,-3.3702635828557557,3
4.861973168393371,-6.83031435619141,0
-6.3272646970972914,-6.2678370812572535,3
-7.749857618055976,-2.881007463802741,1
-8.288935038768036,-2.7307779641728707,1
-4.051958038445649,-3.181351793704994,3
-7.522617355142469,-3.930637210417938,1
-4.622206666202408,-2.6392823098823603,3
-3.904648609442861,-3.9827886510723776,3
5.5183677742811375,-6.1729764526575845,0
-5.452668463541556,-1.9411703871055868,3
-9.170159720299788,-3.554361298249252,1
-4.858746942470832,-4.42915738495377,3
-10.092135035327697,-5.343051778469194,1
-6.868063954767094,-3.8029329246079744,1
-9.201075236912649,-2.39274829483151,1
6.988074278577978,-5.639941700213918,0
7.244478355175964,-6.283550317331465,0
-8.979322908857977,-0.930493183425958,1
8.306269666480892,-6.46396813476531,0
-4.198549982942142,-4.546006701698219,3
-3.0433083403592516,-3.503047944330468,3
-2.5501375848748653,3.2861663975561015,2
7.570368140247604,-6.062637124239891,0
6.362387893255345,-5.34613270207761,0
-1.5682063688051557,-1.4552935795001725,2
-3.4698783166279665,-3.0657305927658767,3
-4.969299826689772,-5.630279997508945,3
-2.1495816623706965,-6.282251745138342,3
-3.504433647666889,0.5158277207875392,2
-7.411694790074781,-4.585158221223137,1
7.601863794135096,-7.084255732651764,0
6.442433729723323,-7.356577120623911,0
-2.142413980369047,-4.1432523179316405,3
-10.268390831768185,-4.061270463191905,1
-9.90011862174002,-3.6413083572501472,1
7.177097712645933,-6.409650925646977,0
-4.736933943654169,-5.614323360073806,3
-2.8723101347918227,-2.9047259151303058,3
-8.411863544294942,-3.245496948468378,1
-5.0626212334316545,2.7443091703050286,2
5.142934360278049,-5.987814895960632,0
-5.1687653213809766,-0.6607204900953243,3
6.195063883278287,-6.298528094941609,0
-3.396097720733909,1.7110996653267638,2
-11.19155184193533,-4.586323251654202,1
-3.029068556677211,0.4263121939944558,2
6.595232270676403,-4.849964374472538,0
9.54810802438671,-6.136487060236266,0
-3.2848481572901633,-1.2526970916864495,3
-8.074050768459106,-4.337751615563589,1
5.738789758196872,-5.569491292077797,0
4.146344643104031,-6.774157912325082,0
-7.862212941433884,-4.401218425892967,1
-1.8357607847041755,1.548513034697082,2
-3.5394462162077716,0.06415974750733155,2
8.2705723015443,-8.187254404799468,0
7.55121205364074,-5.667474028571863,0
-2.9940955361629404,-2.849057501420308,3
-10.616899149638508,-3.0373738029531983,1
7.8624693110179775,-6.402737369850176,0
-3.9671383693799838,3.15776538938957,2
-8.236727377856212,-3.3218993271382535,1
-4.389740105541792,2.8428219128751304,2
-5.857243560913618,0.5394959227082394,2
-7.8115633322286095,-4.2077274941738,1
-7.370148770144096,-2.574859911616408,1
-2.52056753887039,-4.722948324914285,3
-9.703046640851163,-2.2927660235012532,1
-9.243847858598215,-2.613093864339383,1
5.734107603595613,-4.045579206498642,0
-5.412826956125329,1.167179034772397,2
5.385542743234288,-7.883709430711518,0
-4.195713588278915,-3.5212407335812945,3
-7.614265533762103,0.5207739855488955,2
6.02821783665067,-7.019745141817551,0
7.937349443479654,-5.384331382837279,0
-11.300830941098344,-1.7654943117273159,1
-4.157402543732973,0.2528288790811826,2
-6.035497606082985,0.45428248982668584,2
-2.631493259242859,-4.866574583642931,3
-4.681883120157672,-6.118888883196795,3
7.087623942411899,-5.375034826441886,0
-3.869802708104802,0.4639917328379375,2
-4.907775596980484,-2.807725824351885,3
-1.7428379830511571,-0.39984377370824153,2
-5.013006318369098,-4.20953994585713,3
-2.055009110270833,2.2176777982863136,2
-8.73553344394753,-3.926891879631407,1
-6.0946831447639385,-4.533495376325284,3
-6.805636593519999,-3.000528845170198,1
-4.0601434624911885,-3.578139191158202,3
-10.740441846632473,-4.893513274868848,1
5.2711513172697515,-5.459404131381262,0
-3.991032514640731,-4.155440877121292,3
-3.9611309764559977,-6.283313834538355,3
-3.6858397315982168,1.0873464521160217,2
-5.883010923534135,0.6681839695740445,2
-5.582220381500892,-1.1365727235095646,2
-2.2516036082548845,-5.501485570333714,3
9.119255700769113,-5.140797470290276,0
5.551021610534974,-5.475799191166372,0
-5.959484343059556,1.6042006913643887,2
-10.106486473944564,-2.1944643289440022,1
-9.241407008773072,-1.3662035677574675,1
4.653994677319652,-8.4784178188692,0
-6.329345363130248,-3.3617541651668272,3
-3.002414573260787,1.070342252840896,2
-4.410202080427878,0.7536464240647367,2
-4.52063723943714,0.6410851523237,2
5.442946699839979,-7.6794284692446535,0
9.551884697930614,-6.772915500814539,0
-8.890947377173973,-4.760458980351599,1
8.475711106400627,-6.315858292384228,0
-9.313967762774897,-2.076094974734849,1
-3.7402610418109923,-0.9435576201290332,2
-4.754049772636107,-5.049109708919481,3
-9.501953004508785,-4.938602827558881,1
-5.205284707094978,-1.4141084416739842,2
-5.2429396768733865,1.2244667484245504,2
-5.542552810870264,-0.3312184320837558,2
6.356327193346289,-6.442305159394222,0
-3.1408496193548743,1.7876673944781463,2
5.033934048158732,-7.829570516213441,0
8.39979044015985,-6.9672004378543315,0
7.0142335716057,-5.813952509743171,0
6.887304796014966,-7.455910793468513,0
6.862240423513729,-7.698834694008952,0
-5.274568733798516,-2.804953625204457,3
6.810865848108198,-6.403519555958227,0
-2.4588836200224584,2.016833641015414,2
-2.614222825874252,-0.759756111851039,2
-4.3231319668228645,2.0386185186382324,2
-8.420838068837217,-1.1739683139894848,1
5.229146412216097,-6.18325029466737,0
5.259659996456532,-4.974923496598056,0
6.241881976799097,-5.642873604377272,0
7.206464670355806,-7.268945581117605,0
-4.9915678446584915,-4.492263235347991,3
-3.914417642633685,0.08335899364081523,2
7.207309420078196,-7.819231994824429,0
-8.70098021437138,-0.06271101369114174,1
-4.687488595902752,-8.50504665875506,3
-5.125711064246147,-4.488962077491306,3
-11.647111432807968,-1.4328573760488368,1
7.04224235992196,-8.43255565206449,0
-4.187031160445638,0.6261077315989431,2
-5.972239845552272,-4.3141597191147705,3
-7.59892254537111,-4.368923971949835,1
-5.500872152657287,2.401495226472877,2
-3.288547968628475,-1.6271651043339652,2
-4.724804708191523,0.24837015563755976,2
-5.472273706824668,-4.964806699051778,3
-8.785639513388167,-2.608344358387121,1
-3.871167671923368,0.5485623893589237,2
-5.273160520830636,0.8263743377227915,2
-4.669539657581451,-3.0778539828952445,3
5.5017425982858335,-5.825398597305205,0
-9.537218958085864,-5.645928256614981,1
-5.9740230625696285,-3.946877351325509,3
-1.8650817910520194,3.4120436870651942,2
-9.277064893300832,-3.488550953080656,1
-6.359583251493763,-0.15872558786236612,2
-9.684277279852003,-2.629228495115864,1
-4.600696600390598,-0.6528256744527541,2
-5.0511607865775,1.2282032219249572,2
-7.145287817657701,-5.123603638184402,1
-4.425485299162911,2.873624961181816,2
-8.321316668362366,-4.8129748349019605,1
-3.124521590041601,0.6208434313724597,2
-8.538741400654889,-1.116068126357462,1
-3.727571325143712,-4.847993541357045,3
-9.513760510090465,-2.698139641294401,1
-8.780832953133686,-2.61095435980852,1
7.6299724179890225,-4.931757490632487,0
6.869267253787237,-7.676043228504347,0
-5.1701295126108855,-0.49964607353015333,2
-9.085007834990448,-2.2803102968257036,1
8.169309908541678,-7.434032184057526,0
-9.280849962664544,-2.959862683887998,1
8.092763083152985,-4.336373157621759,0
6.4105233346764425,-4.8386745913997,0
-4.593790325025943,-6.410635841096103,3
-2.8529576666864997,-3.6901386333105584,3
-4.491457343214336,-2.8075344827559574,3
-6.568489160867464,0.8245862156719944,2
-8.63517683812509,-3.5525568020827447,1
-9.26530944501994,-2.527057559980437,1
-5.000529579314753,0.5673674543845151,2
-3.0308415456998423,1.6667382559194124,2
-5.584106512351958,-4.936098200084107,3
-5.035973605464259,-5.869970753593625,3
-4.973497045960836,-3.143490885274935,3
-4.283765104036011,-4.793927900007795,3
6.786725047938619,-6.883125895489924,0
-8.062150181587102,-4.707682937441513,1
-9.23998532603704,-2.5150733291710736,1
-3.7652907783994474,-4.670065831057694,3
-3.721810013958765,0.057355480077145304,2
-3.780204311134309,1.2288870983550904,2
6.267689462225688,-6.820604993756264,0
-4.349644318927748,0.2862612415328322,2
7.265351750246917,-5.9869696944298445,0
-4.921260337689276,-1.5216080967224155,3
-9.743973015234058,-0.6385605240842387,1
-9.779122539307993,-2.470370026773968,1
-3.0540150860439814,2.2781139610057437,2
-8.964492987887992,-2.0107622884025322,1
-10.181210370848417,-4.91370762888323,1
-2.727058115893546,1.0195472162278998,2
-4.753737433383342,0.8603312800340029,2
-4.314173765618536,0.5676794985024853,2
-3.9390841371056915,-5.192222788559624,3
7.265886099923148,-5.536009684241624,0
-5.913221053727611,-4.8215899971367655,3
6.176240188081458,-6.940761050027154,0
-5.616875339572966,-3.0095090613421953,3
-9.118282572971154,-1.2959917558172132,1
-2.3569753774698716,-2.820809753334826,3
-10.807288822826854,-3.465185461961127,1
-8.020840349493449,-5.511589896474911,1
-5.246833123028798,1.682632636597956,2
6.5074613490118525,-5.991476590105508,0
-4.092654072450113,-4.543676246490475,3
-8.945636337242128,-3.2258478677106224,1
-9.296862442029502,-2.254978379768463,1
-5.836624567258138,-6.126064695076932,3
-2.4988678372007898,-4.86698456833426,3
-3.620573548816273,-0.9358542224942266,2
9.409950052508568,-5.214381308737031,0
-3.2804826232422117,-0.5199988324026292,2
-3.3682416099908963,-2.399001217803047,3
-10.439346832172316,-4.561025238852507,1
-3.5470790091675224,-3.969466143693937,3
-2.39677120903747,-4.126842105813292,3
-8.652134982865068,-0.5919667633150456,1
-5.887136251736518,0.6995599721446857,2
-11.322029618574318,-2.1677229335365285,1
-8.628295041414807,-3.387846123654418,1
-4.188220253421744,1.4925442634906916,2
-9.953607214689262,-3.630747013487724,1
-8.824665964277532,-2.5358118133420287,1
-6.361353906327433,0.12098884056149045,2
7.648453571013209,-5.848320430996075,0
-10.768140329168968,-3.918462144683235,1
-4.8967720325940345,-1.369821873251436,2
-3.1980341738466085,-3.3742475774579668,3
6.356386865967803,-7.522992558356982,0
-7.0266961991950305,-3.4601231543839432,1
-9.661630432134686,-3.8163450655597995,1
5.806159548763298,-7.9438797455781485,0
7.914153449157357,-7.147542356085515,0
-9.391271788380555,-0.4196781771794358,1
-9.161363044938609,-2.2753440492871952,1
5.378999751153535,-5.926776309462172,0
-3.8766428266166857,-0.43892013513564043,2
-3.845450526294588,-3.9067496892793874,3
-5.378470754909796,-0.6736696935644106,2
7.664105747835039,-5.074558275081877,0
5.625795318698406,-6.05127199221954,0
-2.1377261316794427,1.727015447178951,2
-5.559301689709199,-4.455015576966809,3
8.071976118405466,-7.600732717149658,0
-7.944921436095515,-1.911577482100089,1
-4.0655710122503335,-5.514257656211639,3
-2.3959198997027094,-0.8383021956660317,2
-2.6155728656968193,0.32008101103858544,2
-4.248533934205065,-4.744837197123285,3
-2.1097426814022007,1.4362179082071704,2
-11.119174633054078,-3.339692321355263,1
-3.9606122739686973,-4.501073811136331,3
7.764143704431432,-6.202463122083447,0
-3.5328226214466634,-4.957410899308632,3
-4.599282281682586,-0.8645142533989598,2
-2.66416315199399,-4.024766561767024,3
9.822781558839917,-6.175332306327335,0
-2.9759210655295845,-4.11742046124143,3
8.957123808104306,-7.055248927883918,0
-6.266795469780557,-0.38219244013653186,2
6.731848174725124,-4.252351248838749,0
8.273667445837699,-5.103617490012702,0
-5.859483043519218,-2.1610441665746336,3
6.975666886903769,-7.0594099034836635,0
5.203763857827456,-7.737647401895381,0
6.782040684064523,-5.989799854249456,0
-2.697167771393924,0.3388773778447422,2
-2.074430772391136,-2.930464456113817,3
-8.499651245909156,-1.790978100077294,1
-4.176161805031468,-2.035691013166061,3
-3.843773809165021,1.2426715703070457,2
-4.053840557244351,2.4428831686430668,2
-4.297857476686714,-2.6031118139640865,3
5.958962300285141,-6.747498407731154,0
-4.002418677212565,0.5638932354059597,2
-5.138051247566466,-0.2369385134366757,2
8.124143397549867,-5.741153787687822,0
6.6263170675837895,-6.7746810420388615,0
-11.165158320404366,-4.275790733597677,1
-7.113377723918586,-4.6076628591482685,1
-8.392212480525448,-2.8007016430263416,1
-3.9045962260738953,1.5800674753873873,2
8.518727077332214,-5.62840987798581,0
9.071502170538968,-8.55159680598967,0
-5.325684538140653,0.6997935414978546,2
-4.896110380607009,-0.6572795843797319,2
-3.4722481708369797,-3.3500274696828263,3
-3.756113486198171,-4.846707181094209,3
-8.217176573402536,-4.142279662033382,1
5.874695653777065,-4.59255484977832,0
-4.142194119937734,-1.9567863307030402,3
-4.516218200797233,-3.7594170379781677,3
-7.386795075370433,-3.547629825202456,1
-3.923141403337101,-1.2252213046787073,2
-6.888086336038317,-1.17353088724853,2
5.056058624113265,-4.218941158529608,0
-5.195448256255777,0.9895809153778521,2
-9.597219177618625,-3.9830014670195464,1
-5.342683169565919,0.658440457168819,2
-3.036474127851521,-4.504549241371305,3
-9.6695808881473,-1.555296785374363,1
-10.34204688667531,-0.6282039258989203,1
7.337618333381532,-6.914760383197303,0
-7.785605703410546,-3.3970055759303257,1
-2.977357880086633,-6.566257313487825,3
-5.78405620045665,-0.2476952216382453,2
-4.553101880732093,0.8517426529196088,2
7.0521052484012925,-6.6938085314388145,0
-1.3929180463369084,2.46103273955673,2
-9.780379548644726,-1.2959194263022482,1
-9.165688833696414,-4.189906658096212,1
-6.110461194768304,-5.4572696482575775,1
5.21710096308408,-10.35211152531983,0
-3.893263038975722,0.6024742940560669,2
-3.058807635590182,-2.501764308394446,3
-10.48912571991119,-3.6156482099209946,1
-6.163116034079772,0.1291044229582236,2
-3.084822084150378,-2.239238491918343,3
5.459017493588077,-4.5697156227994515,0
-7.668988612005219,1.1046325203669396,2
-9.841272328604404,-1.0292113189663865,1
-1.0965524133138755,-5.482097762259028,3
-3.4679553753816057,-0.8986100477129682,2
-9.668127181330133,-1.4923174366190108,1
-3.409401517911535,-5.509857829688915,3
-9.015676383545298,-2.496347189602071,1
-1.9007204784109457,-5.784108541726398,3
-8.250844876785248,-3.5326995596472632,1
-6.1313753276391,-3.216512940254624,3
-2.272650166732063,1.555960778242456,2
7.6695311435460125,-8.801561556970977,0
8.92188891644634,-4.745169829186503,0
4.835227117089787,-7.835774113854744,0
-4.888799792008974,-3.7789030541555544,3
4.422742333678142,-5.397118645643426,0
-3.1675699469045706,1.3708681092612753,2
-2.575654402796807,0.9724411705036122,2
-2.6218467264522274,1.7393640838679107,2
9.210578181671279,-5.019726201550023,0
-5.532057273841269,0.6763187205627955,2
-4.995799692805574,-0.5158781363796934,2
-4.664041568253094,-2.511209812030371,3
7.128341469271272,-5.292108661022516,0
-1.968724142665807,2.3001839869784404,2
7.634245068014511,-7.3627672790761665,0
6.943389836445775,-8.163001047826993,0
-4.880192420388184,-6.4792863435604255,3
-3.379419744831679,-2.6469520880715236,3
-3.864711190150667,2.725123095559992,2
-4.033289413028958,-4.241409293734408,3
-3.094081110917137,2.5776961178867093,2
-9.843008642270814,-1.692866625643365,1
-2.4241424331002324,2.4009481535984545,2
4.756762027012492,-8.165416460094034,0
-4.225772441932183,1.4449485725376956,2
6.575545145450487,-4.17348706282805,0
-3.073516187948808,-3.474153826807296,3
-4.785843832936815,1.3769617233546168,2
-4.140280411599832,0.6157569686396085,2
-4.474348443324494,-2.8812928815570826,3
-3.311260849615397,1.340816720330912,2
-3.91650417010274,2.512782376810261,2
6.473485637615654,-7.375866425374001,0
6.841968386013883,-7.72416393353464,0
-4.669823016678493,-3.0625768321476685,3
5.067670373409511,-7.383004189137099,0
-8.25011271719743,-4.201984481951361,1
6.256121644842021,-8.46518156789703,0
8.303069281285843,-6.600570901520887,0
-8.02413308010772,-1.591549965666921,1
5.488927619928902,-4.884222489399189,0
-3.951413112122585,-6.197102957262977,3
-6.4107608099753,-2.5761028239588,1
-2.93972669583078,-3.8830584833704878,3
-10.317473420254679,-2.340077632211462,1
-4.238238638073042,-6.4602271115723715,3
-9.011769895448722,-5.490301602493817,1
-5.356665694901915,-0.8553941143726649,2
6.194738363819945,-6.262619440646054,0
-6.007561090559005,1.1759051860729035,2
-3.1748268959284185,-2.7806091832271322,3
6.938290163743433,-4.253691739517853,0
-5.608483161736229,-2.8033823306114156,1
-5.530323650473518,0.6842399657421856,2
-5.141814765543955,-0.18607548183594835,2
6.691935628026345,-9.458404445314507,0
-4.681055126005289,0.42655682944395656,2
-8.05531101426333,-3.3916957508418193,1
5.62977209629281,-5.628282218408738,0
-4.5985338437397205,-1.7243359581712752,2
-4.849343505088997,-1.801800026028344,2
-4.052148333915998,-5.276961041965183,3
-5.809844556753199,3.2944106492083187,2
5.131521285065214,-5.597671873779477,0
-4.317599931245823,-4.922901918593066,3
-8.66219057043306,-2.5096325426632795,1
-2.9566679454698335,-1.4717559206557316,3
-3.2288639992768866,-6.534503279692382,3
-3.66757604548326,0.9031232053426093,2
-3.312794890818302,-3.8623345168326457,3
-4.442061075914003,-4.737563405222833,3
-5.382190055283824,-2.7225279992721343,3
-3.135611838303406,-0.9028999708475753,2
-10.099459006521535,-2.6327408277690934,1
-4.399534174624066,-0.06444937349970492,2
6.672576247367893,-7.363575114564717,0
-5.710940364332188,-4.804621731521932,3
4.621085098030408,-8.369880874348373,0
-3.1495735100990307,-1.9880052981396394,3
-4.53027870590827,-3.4568536671239,3
6.655404817958331,-5.976765094466424,0
-3.6199713886204052,-4.366296064925318,3
6.244285032481732,-7.9989921541609155,0
3.785167750468005,-5.4323299940483905,0
-3.290316203307834,-4.3142939720614795,3
-3.7787146799578837,0.5101164878790997,2
-4.309338935951752,-3.6918057982094146,3
6.547423621770875,-6.7884320075941815,0
-9.764819389533415,-1.292914831105794,1
5.84588130352946,-6.590181695778345,0
8.601306658962201,-5.43439111693813,0
-4.384558666926158,-6.344242526585112,3
-1.150251798342957,1.810555484275872,2
-3.7824633457385297,-6.114580623934803,3
-5.474714668452734,-4.475076583434574,1
6.517723531974285,-8.163461177141544,0
-8.372397098817322,-2.3317535235555926,1
-3.2665352546010404,-1.6166964904187795,3
9.321991962550205,-9.05510326793943,0
-5.036646838776647,0.4236510156948091,2
-1.4030470535824935,-3.2042981422324353,3
-8.350576065944423,-3.980606834055115,1
-1.7297879990869611,-1.9221448025719448,3
-2.9384996533311734,2.5697452576097826,2
6.841480774272922,-7.134305923268538,0
5.182832758365123,-6.05507656419131,0
-8.092138785292953,-3.9323527678743067,1
-8.239208118505266,-2.8513220506057184,1
-6.670176509866997,-3.8715924634215964,1
-6.336725012551399,-1.8305166903103953,2
-7.404840137494338,-3.4655108804682797,1
-3.213968113702593,-7.885301071178528,3
6.744905604078089,-6.924119576138206,0
-4.49940989287855,-1.0482604642671367,2
-6.798941709968375,-2.6239671199045564,3
-2.562143507639705,-5.474688422539159,3
-11.297026296131238,-4.341537923486,1
-8.635869172859149,-2.9311578129450067,1
7.271797181249432,-7.0587366257160395,0
-7.552650149776335,-0.9388780273613364,1
-5.396648531476929,1.8568248693483045,2
-8.072401225661839,-2.638225387194088,1
-6.04610746301672,-3.110569443130905,3
-8.309217960747599,-2.372039248381403,1
-9.066592921735786,-0.7334578027995535,1
-8.945261576833781,-4.144480189282092,1
-9.300184780130499,-4.135281073576679,1
5.776862949005633,-7.594632164438542,0
-5.735716661040929,-2.0729964648438965,2
6.146401678538542,-6.0481947689080435,0
8.07151924216818,-8.291915460364738,0
-2.593226902636718,0.5934867150545261,2
5.179830844129942,-8.59611316787056,0
-3.9568339291056205,1.3690665421406796,2
-9.031926359348047,-3.2764795127881485,1
-5.782160857941395,0.46006850317256454,2
-8.163761730221125,-2.09184540888364,1
5.357635942566655,-7.640663844496106,0
-2.826599639316315,2.7653794739392787,2
6.715581045292249,-5.960325696661009,0
-4.041534373903885,-3.355928955479139,3
-3.6880919625694535,0.40070930273419614,2
-3.2702676740143635,-3.830471269599288,3
7.134551567473776,-7.900749973503418,0
-2.175884434092746,1.8892210129617777,2
8.244381608571892,-6.741142343599829,0
-4.0383178946190945,1.333616985853927,2
-8.712542721519743,-2.1133201367450596,1
-3.497674942639046,-1.6736446564692669,3
-9.653397156269383,-2.7517304831434424,1
-5.371291115940835,1.7431511679273566,2
-5.180880073533752,-6.233658007305756,3
-3.246689701572457,-2.7034727788084387,3
-4.014897169344608,0.8330609836491928,2
-9.501682754651466,-1.7943529468797612,1
-4.363521189184318,-3.826887879972824,3
-4.048078334373714,-3.1610323809690146,3
-6.369740691165645,0.4949523339918305,2
8.457625976888773,-5.917145094077061,0
6.515769171870041,-6.2962030079408455,0
-10.495334595734354,-1.490264571928333,1
-6.093062448545844,0.19615886274576122,2
-9.966439970375987,-1.6761759389163153,1
-6.828335795242825,-2.5696927496030417,1
-3.565161352189124,1.5343495826649958,2
-1.5827531088316076,1.1411736326023958,2
-9.291686912129107,-0.569077444998602,1
-9.428547098309567,-3.106785159268528,1
-5.094372425208135,-5.740460527253787,3
-10.496257872151272,-2.1037919098818088,1
-3.2879035763534663,-5.091122513237437,3
-5.154715031619758,-4.5365069770789335,3
6.53566373136259,-5.6831940801564755,0
-3.6805662201261606,-6.1211851475969965,3
-5.324779580151566,2.559785474856743,2
-3.7721496287852103,1.5123440718098258,2
-1.900831420290633,-4.45422434718896,3
-4.216245577560508,-3.341759657434701,3
-1.573223950985708,-2.8064927814214045,3
-2.810641023276011,-3.2834904980545554,3
-3.8762936484881543,1.436136820557456,2
-4.692397359336323,3.8676693342279735,2
-8.563586760092464,-2.2160185320012293,1
6.89217362435986,-7.341872288879225,0
7.700522125123012,-6.909283384373676,0
-9.010579701682744,-2.0491253868647723,1
8.962598066286803,-6.682564505103466,0
7.145317499658046,-6.560965423208591,0
-6.149324889371824,-0.3321896312609439,2
6.8660208617284315,-5.908074703204913,0
-11.459560840179257,-2.016449733067084,1
-8.4261659728018,-1.6942434431813838,1
8.16158674969861,-7.939060075984382,0
6.8361237517536635,-4.948371332101221,0
-10.973824026348806,-1.959840436722844,1
7.080815926006677,-5.063445755138726,0
8.73836069764004,-7.1761822839397285,0
-6.092444125982009,-3.544963810767421,3
-6.121182721033457,-5.340270251026906,3
-6.5874531766038675,2.602555902960931,2
-4.527475278182659,-0.9170886572244992,2
-4.725284857092489,1.2529310824642113,2
-2.725118848352034,-3.007017396650106,3
6.0805062552968465,-5.2993446377549205,0
-2.8656372207271756,-2.5765562727061218,3
-2.7458013456995607,-5.102956786393252,3
-3.485045411702574,-1.9478358014830064,3
-6.825256543685349,-2.120755908731772,1
5.674059366810805,-2.9491606525466154,0
-4.025039961929902,1.7546697227834547,2
-5.016173432127304,-0.22332941439305154,2
-7.984001341700223,-2.6568261260563846,1
3.6811368032264804,-7.009229616541169,0
-7.062219339913796,0.8004714109926871,2
-5.709107213158297,1.7847998084045702,2
-8.11165828552242,-4.223351326730711,1
-3.816300477716432,1.6163496316654458,2
-7.266945771171182,-3.700882281841962,1
-8.323521231191556,-2.820481427778559,1
-8.749031133096233,-1.3361347691141976,1
4.39725681626335,-6.207154179107418,0
-4.852825253571412,-4.774551307995752,3
-1.5618717856729982,-3.5849283145074358,3
-8.291146441248504,-0.8953080012689694,1
6.96425618933972,-4.2965336875988065,0
5.6292337741356375,-4.457316839809755,0
-9.046989994167209,-1.6309790110031128,1
9.171045252092846,-6.369067534007707,0
-8.121582676465836,-4.734291414912606,1
-5.955060403591491,0.4292294383903985,2
-4.170274181079574,1.3985898080977273,2
-3.2746169575252617,-5.299774488720072,3
-10.169905730329738,-2.5486423191018908,1
-7.565456111671652,-2.865036166536787,1
-6.9112717061569064,-6.046942489896252,1
7.36730301509563,-6.29517626785036,0
-8.6956209529018,-5.94601537175739,1
-8.963640522781956,-3.402636998224847,1
-3.8927488850748806,0.2036423504153017,2
-3.0764083280630024,-3.1924276698233625,3
-6.3389869111543495,-1.8702575861995239,1
-8.529456555956909,-2.631721321527182,1
-3.4945175902173515,-2.760730882200211,3
-4.237432152062803,-1.771153493594369,2
-4.584409757563682,1.6231881715529626,2
9.803975045736902,-4.733353924466745,0
-4.883538146237919,2.809026576803251,2
-4.359286574966533,0.8615255244528077,2
-5.647290155789834,-3.38617969216056,3
-5.791379553107148,-1.7889934695931,3
-4.665794923250558,-1.317308945835768,2
-8.175427606218152,1.7056095956524215,1
-5.247868894491869,0.4346835558752637,2
-4.750549104047649,-1.7066978868044997,2
6.3070061796450325,-6.5476599411507905,0
-10.325522557464422,-4.680967222971105,1
-9.840629600221918,-2.048926724959346,1
-8.352971208167876,-1.4489337600311147,1
-2.6949533078076198,-3.7572995672704166,3
-10.920305803164966,-3.325454585125711,1
7.4393020939369,-6.1957372529708925,0
-8.69325267380886,-3.168409411120087,1
-4.335086080960531,-5.436337394711661,3
-11.094438507551892,-2.464442230569399,1
6.462080139704199,-5.386381540102558,0
-5.445413978733731,-0.11781799429506501,2
-4.254251214623747,-4.23929128925513,3
6.161709474449798,-6.681926975567191,0
-4.448975783181697,1.6742807179887547,2
-10.616004719598717,-1.6961014305675401,1
-8.707464448163657,-1.5533163598113426,1
-11.110488677114994,-2.5817434127236307,1
-4.700042175566628,-0.3572547593579971,2
-3.262649009367535,-3.626529670531837,3
6.418978847827754,-6.3616390225517865,0
-6.982390152021257,-1.920114085024185,1
5.877308023138434,-5.993066138207967,0
7.371674243748293,-6.62996224153462,0
7.303237496228336,-8.348485121678676,0
-9.835594204852747,-2.9301383269733363,1
-4.527477808955231,2.0760528258187847,2
-3.3142825154648006,-1.0444739252292283,2
-4.941163316804261,-3.4510813643186355,3
-6.077941763766088,-2.5489384364376355,2
-6.036695677674102,-2.6039590635632273,3
-2.6079592186305254,-0.8798919707485859,2
-9.162282861752935,0.17503779424228494,1
6.188997063941101,-5.146032760929578,0
-4.606743882702331,1.208158395050802,2
-5.569298044867736,-2.2012594732552566,3
-4.00420649264958,-0.6787078033162077,2
-7.7301789655688715,0.24648473413791255,2
-3.68398258909148,-0.4191353292070299,2
-2.609433651062006,-1.9620533769679254,3
-8.412673447631466,-2.9284657004861008,1
-9.10642181504867,-4.624551749262167,1
-2.4321672491111936,-1.7933982611350499,3
-8.790458854618114,-2.612995063636553,1
-4.447505839976045,-0.31393886977511554,2
-4.9148174854819455,-0.29195575554917164,2
7.643842117421284,-6.8826450930876835,0
-2.908263765829777,-3.8499305052221673,3
-9.103296426557026,-2.8126750332975434,1
-5.478060181551055,-0.25444924154588977,2
-3.8910581755883253,-0.8436506719051737,2
6.110523447677538,-6.300302606784244,0
-8.396000015532195,-2.270156700654774,1
-5.957482043782212,-3.674336111245986,3
5.889343866986594,-6.530927746182165,0
-8.474187918383642,-2.754217628184996,1
-4.493713191420118,0.4403215514826773,2
-6.668822738363527,-0.3941934564158378,2
-11.430438530903453,-5.564163840899386,1
6.484757708382993,-9.04374410518221,0
-10.168877195028442,-2.875678606095174,1
-6.341670779663098,0.28780353546549875,2
5.627872469200321,-5.806216236177934,0
-1.498778520870295,-4.3716038889045885,3
-9.17958648074301,-2.403954502685536,1
-3.223411403532187,-3.827556208573237,3
-3.759702229267435,-3.0601477056506603,3
-3.064900639872834,-3.8091719938678144,3
-4.165845660792107,-2.4960520141455014,3
-5.003943138030678,-4.844751685669893,3
7.806643878937565,-4.213658173200917,0
8.004856193537057,-5.591704166121421,0
-0.8460057658355762,-4.420419556091825,3
-2.8335560108803017,-4.528886341625034,3
-10.802102663320886,-1.4891345706187744,1
-9.917236000535947,-3.8907262562645073,1
-5.5184263177304915,2.3129183153936896,2
-3.411153724954919,-2.6952606025349475,3
-9.32943083048431,-3.120873538510552,1
8.170630529566655,-7.609721362624399,0
7.851653424269791,-6.345230423098467,0
-9.992239408839396,-2.029704014024728,1
-8.818186284238234,-1.2829077153689257,1
-4.6920840627819285,0.6908572388411779,2
-6.641252188837763,-4.901850614317885,1
-9.935501109482612,0.2703255151354962,1
-4.211638756138929,-2.524639150181108,3
-5.144282545163967,1.972454765657327,2
4.393097789666269,-6.541753340994596,0
-3.836489537322635,-6.011282979455349,3
9.154381056961945,-6.829190600857876,0
-3.1646861005538085,0.7076822660236747,2
-3.692269044191357,-4.71340966212556,3
-8.545152410351315,-4.458800958110824,1
7.87272698556748,-5.888314923600503,0
-11.52340535438915,-1.7222912322956334,1
-3.752743494740559,-4.454156526982655,3
-8.089892459152548,-2.9799599369899963,1
-3.7341741590029565,-2.663005504214702,3
-3.58287620479547,-1.5288827066872321,2
7.278581126966593,-6.039249276645744,0
-4.201140751962802,-0.09860400678278236,2
7.288103004448417,-4.27160283670902,0
5.950469556618202,-3.5963614980440592,0
7.479905136149132,-5.388591404887701,0
5.0916665746668635,-5.8302961549658745,0
-5.007081840202368,3.4801975403364236,2
-4.3238577549582855,0.971784918987973,2
6.539447243225824,-6.470433397296479,0
7.541843563617901,-5.3442617825751375,0
9.105198424430581,-4.255005315662704,0
-3.4098040780078724,0.529312024082088,2
-3.7576046209411693,2.2015611159982837,2
-1.7634361192917702,-0.9864361091562719,3
-9.039405755217276,-3.839721737480036,1
-9.0435629192423,-0.5955763458509105,1
-4.361647254284976,-5.543713973423385,3
-3.7762085462262607,-3.0013488660994425,3
6.609617097939444,-4.481756837541474,0
4.9250441396807245,-7.584837346969162,0
-5.756531126036479,-0.8694929038169334,2
-3.2919183750587333,-4.14852866729296,3
-5.273149477394288,-2.3620645954351724,3
-4.55050021269707,-1.1447112159914725,2
-9.261340164256989,-4.298953407190292,1
-4.671951610995669,-4.794260681021719,3
-7.250940139712806,-1.4202160503252896,1
-5.178803385382402,-0.016921046923738414,2
-6.034897126500204,2.6059748926835073,2
-5.038697542493477,2.287027414017878,2
-5.761751430730591,-5.4530462528194175,1
-5.4028661153911814,-0.1614807196899578,2
-7.055994680154894,-1.9375023894870544,1
-8.24217853124274,-1.4343956188689255,1
-4.943700343807366,-4.927259185268658,3
5.473970379839811,-8.834862369469656,0
-4.347403180754852,-0.6649979472660108,2
-2.917452337880505,-1.4512180612799823,2
5.738292343597936,-5.862456759168752,0
7.760495015472843,-7.719744202973715,0
-3.8983519381318468,2.6103055436602176,2
-3.624469957264674,-3.8990791360378347,3
-8.46573875559773,-4.674513963827343,1
-3.9599687088297433,-3.523320871191496,3
-4.295435098928408,-3.5051738367796457,3
-5.705782119479299,1.465974903898854,2
-5.9738669023912045,-2.6587826577788185,3
-4.367004906207873,-5.414897563724647,3
7.558741005665731,-7.313803699762861,0
6.140125692215882,-4.6145369682490145,0
-5.49775019930843,1.2461791000315259,2
-10.392330995142682,-2.724767087721103,1
-5.040610831939808,-5.518803966747331,3
-2.641010269439569,-4.47829511099455,3
8.47730042293934,-5.79573838738055,0
-2.675390024228978,-3.687394892320805,3
-2.830283463179901,-3.2405984778332098,3
-3.408859299982048,-5.452457970903344,3
8.366851547276768,-5.002925247735977,0
-1.7699535195040679,-5.942085430921791,3
-2.0554738997498365,-4.213175891917061,3
-4.419863670449998,-3.6504349019598368,3
-9.52211574472243,-4.011327910242566,1
4.715729277007608,-7.043519932371535,0
-4.8669619816912855,0.8924062259789436,2
-9.265722253035044,-5.496214507937074,1
7.412963513046707,-7.868800140600339,0
-3.1284800251091873,-5.850004193783384,3
7.892948453733983,-5.869896670574754,0
-4.177717523376176,2.173404867159118,2
7.595576255443062,-5.369310352540182,0
-6.537117130926988,-0.8203640480300656,1
-4.601709911865475,-4.640602210840563,3
-4.249362419586513,-2.20377667475805,3
-9.270898483849233,-2.541234862301369,1
-4.435540120759745,0.43162127836139363,2
6.643117363483979,-4.769112426479127,0
-8.9374577192612,-4.179922245648534,1
-3.1425424001790914,-3.014409399084326,3
-3.771048665762121,0.2005624187962971,2
-5.476217007738166,-5.08209856104747,3
-9.15899248244454,-3.1512559424418893,1
-9.979761196108667,-2.9589080555603866,1
5.230535896706905,-7.902523976523316,0
7.035585500399303,-5.439238450768719,0
-2.672834362808569,-6.036561609073784,3
5.091167762053166,-8.624160551382996,0
-7.941500111478069,-1.3748314303140514,1
-8.653248417616378,-4.21370334400676,1
-3.707550250667049,-3.29820483016366,3
-3.5521648409834317,-4.520917764750907,3
-4.593468749127317,0.8279615648365809,2
-11.065168410302011,-2.6697162107181547,1
-5.569995384681662,-2.480567409601112,3
-3.5704097079344423,-4.1150545993993894,3
-7.739368919948992,0.9790822271697743,2
-4.93941170900368,0.3672372005579192,2
5.164280586003154,-8.25269660640055,0
-1.6212674648255878,-1.892717983994395,3
5.15728920454543,-5.961127509507685,0
-2.3314551557034093,-5.421742398196127,3
-4.310500798595127,2.4620809572608393,2
4.773326439178199,-5.715070107838168,0
-10.29766428376644,-3.5483182116566865,1
-4.485896657944076,1.6158157942847042,2
-3.4331158149011203,-4.626976529592139,3
8.070786615522032,-7.736596212987221,0
-5.797332675529992,-0.2366995808838419,2
-6.0886921021831295,0.6007111768066685,2
-1.5619272972786917,0.28712457528035695,2
-8.049214179398355,-2.852487101540009,1
-4.320114278722125,0.7456774495247465,2
5.395880940803799,-4.756837883917707,0
-6.123303733750306,0.8942749249559472,2
-10.759666260998898,-5.17393321601023,1
-2.4439851382671822,2.2544327609873687,2
-6.732675713128044,-1.3865605169992956,2
-4.036045091072798,1.1860063946402783,2
5.853564456013128,-8.815569025140004,0
-4.7791194463640085,-1.4534671664690548,2
-7.054395673314365,-3.1226903252771425,1
-9.005202021151902,-2.8893168679512047,1
-4.452428036384593,0.9419301381849652,2
-1.5862010207724064,-2.0270998875311674,3
-5.490283816376044,-5.136536011860942,3
-4.322764336452585,-4.40587167498935,3
-6.6364547228396695,-1.3045271092871593,2
-4.8835707354602915,-4.17356082270343,3
-10.77809287162013,-1.3426147035348237,1
-9.588753445677234,-1.9911002251392165,1
-9.087479228686814,-2.13538147831282,1
-3.737666235740245,-3.1582150639823756,3
-11.546411676019844,-2.1216574779228696,1
-3.479157834381183,0.7604170652934638,2
5.67030405088707,-7.431481834578869,0
-2.845648012681319,-3.927926117964875,3
-9.21644024204594,-3.3228337261828393,1
-5.944333061086363,-4.424834907966912,3
-8.657876149930502,-0.2268395492842934,2
-6.44800942923529,-3.716416645524855,3
-3.4143877517310104,-4.484808166546661,3
-9.738951129636101,-2.846466699919082,1
-2.2190974821529768,-5.646607625012349,3
-1.4779675834260781,-5.046110369754835,3
-5.750403311109836,-1.2480802263012871,2
-3.2646910593204224,-4.946853992899496,3
9.068340049060545,-7.6894480738885065,0
-4.075225492260069,0.3644314350625373,2
8.98244014401451,-8.36657625363683,0
-3.5351588636462163,1.520836069608825,2
-10.634519817891174,-2.7055736111258777,1
-4.927922020307742,1.7818063544311724,2
6.622096435218328,-4.580274676323549,0
-4.2902367392074545,-1.7010803105014283,3
-5.99021231517215,-5.449755036963446,3
-2.718601681420055,1.7736131676631126,2
-2.2356417278096554,0.8565704852373871,2
-4.888186126374199,0.21645277534413132,2
